<?xml version="1.0" encoding="UTF-8"?>
<beans xmlns="http://www.springframework.org/schema/beans"
	xmlns:context="http://www.springframework.org/schema/context" xmlns:p="http://www.springframework.org/schema/p"
	xmlns:mvc="http://www.springframework.org/schema/mvc" xmlns:xsi="http://www.w3.org/2001/XMLSchema-instance"
	xsi:schemaLocation="http://www.springframework.org/schema/beans http://www.springframework.org/schema/beans/spring-beans-3.1.xsd
                           http://www.springframework.org/schema/context http://www.springframework.org/schema/context/spring-context-3.1.xsd
                           http://www.springframework.org/schema/mvc http://www.springframework.org/schema/mvc/spring-mvc-3.1.xsd">
	<context:component-scan base-package="com.jhl.refpp"
		use-default-filters="false">
		<context:include-filter type="annotation"
			expression="org.springframework.stereotype.Controller" />
	</context:component-scan>

	<bean id="conversionService"
		class="org.springframework.format.support.FormattingConversionServiceFactoryBean" />

	<mvc:annotation-driven>
		<mvc:message-converters register-defaults="true">
			<bean
				class="org.springframework.http.converter.json.MappingJackson2HttpMessageConverter">
				<property name="objectMapper">
					<bean class="com.fasterxml.jackson.databind.ObjectMapper">
						<property name="serializationInclusion">
							<value type="com.fasterxml.jackson.annotation.JsonInclude.Include">NON_NULL</value>
						</property>
					</bean>
				</property>
			</bean>
		</mvc:message-converters>
	</mvc:annotation-driven>
	<mvc:default-servlet-handler />

	<bean class="org.springframework.web.servlet.i18n.FixedLocaleResolver">
		<constructor-arg index="0" value="zh_CN" />
	</bean>

	<bean
		class="org.springframework.web.servlet.mvc.annotation.AnnotationMethodHandlerAdapter">
		<property name="messageConverters">
			<list>
				<bean
					class="org.springframework.http.converter.StringHttpMessageConverter">
					<property name="supportedMediaTypes">
						<list>
							<value>text/plain;charset=UTF-8</value>
						</list>
					</property>
				</bean>
				<bean
					class="org.springframework.http.converter.json.MappingJacksonHttpMessageConverter">
					<property name="supportedMediaTypes">
						<list>
							<value>text/html;charset=UTF-8</value>
						</list>
					</property>
				</bean>
			</list>
		</property>
	</bean>

</beans>