<?xml version="1.0" encoding="UTF-8" ?>
<!DOCTYPE mapper PUBLIC "-//mybatis.org//DTD Mapper 3.0//EN" "http://mybatis.org/dtd/mybatis-3-mapper.dtd" >
<mapper namespace="com.jhl.refpp.mapper.SerialNoMapper" >
  <resultMap id="BaseResultMap" type="com.jhl.refpp.po.SerialNo" >
    <id column="id" property="id" jdbcType="VARCHAR" />
    <result column="created_at" property="createdAt" jdbcType="TIMESTAMP" />
    <result column="level" property="level" jdbcType="INTEGER" />
    <result column="trace" property="trace" jdbcType="VARCHAR" />
    <result column="detail" property="detail" jdbcType="VARCHAR" />
    <result column="targetid" property="targetid" jdbcType="VARCHAR" />
    <result column="userid" property="userid" jdbcType="VARCHAR" />
    <result column="username" property="username" jdbcType="VARCHAR" />
  </resultMap>
  <sql id="Example_Where_Clause" >
    <where >
      <foreach collection="oredCriteria" item="criteria" separator="or" >
        <if test="criteria.valid" >
          <trim prefix="(" suffix=")" prefixOverrides="and" >
            <foreach collection="criteria.criteria" item="criterion" >
              <choose >
                <when test="criterion.noValue" >
                  and ${criterion.condition}
                </when>
                <when test="criterion.singleValue" >
                  and ${criterion.condition} #{criterion.value}
                </when>
                <when test="criterion.betweenValue" >
                  and ${criterion.condition} #{criterion.value} and #{criterion.secondValue}
                </when>
                <when test="criterion.listValue" >
                  and ${criterion.condition}
                  <foreach collection="criterion.value" item="listItem" open="(" close=")" separator="," >
                    #{listItem}
                  </foreach>
                </when>
              </choose>
            </foreach>
          </trim>
        </if>
      </foreach>
    </where>
  </sql>
  <sql id="Update_By_Example_Where_Clause" >
    <where >
      <foreach collection="example.oredCriteria" item="criteria" separator="or" >
        <if test="criteria.valid" >
          <trim prefix="(" suffix=")" prefixOverrides="and" >
            <foreach collection="criteria.criteria" item="criterion" >
              <choose >
                <when test="criterion.noValue" >
                  and ${criterion.condition}
                </when>
                <when test="criterion.singleValue" >
                  and ${criterion.condition} #{criterion.value}
                </when>
                <when test="criterion.betweenValue" >
                  and ${criterion.condition} #{criterion.value} and #{criterion.secondValue}
                </when>
                <when test="criterion.listValue" >
                  and ${criterion.condition}
                  <foreach collection="criterion.value" item="listItem" open="(" close=")" separator="," >
                    #{listItem}
                  </foreach>
                </when>
              </choose>
            </foreach>
          </trim>
        </if>
      </foreach>
    </where>
  </sql>
  <sql id="Base_Column_List" >
    id, created_at, level, trace, detail, targetid, userid, username
  </sql>
  <select id="selectByExample" resultMap="BaseResultMap" parameterType="com.jhl.refpp.po.SerialNoExample" >
    select
    <if test="distinct" >
      distinct
    </if>
    <include refid="Base_Column_List" />
    from mb_serial_no
    <if test="_parameter != null" >
      <include refid="Example_Where_Clause" />
    </if>
    <if test="orderByClause != null" >
      order by ${orderByClause}
    </if>
  </select>
  <select id="selectByPrimaryKey" resultMap="BaseResultMap" parameterType="java.lang.String" >
    select 
    <include refid="Base_Column_List" />
    from mb_serial_no
    where id = #{id,jdbcType=VARCHAR}
  </select>
  <delete id="deleteByPrimaryKey" parameterType="java.lang.String" >
    delete from mb_serial_no
    where id = #{id,jdbcType=VARCHAR}
  </delete>
  <delete id="deleteByExample" parameterType="com.jhl.refpp.po.SerialNoExample" >
    delete from mb_serial_no
    <if test="_parameter != null" >
      <include refid="Example_Where_Clause" />
    </if>
  </delete>
  <insert id="insert" parameterType="com.jhl.refpp.po.SerialNo" >
    insert into mb_serial_no (id, created_at, level, 
      trace, detail, targetid, 
      userid, username)
    values (#{id,jdbcType=VARCHAR}, #{createdAt,jdbcType=TIMESTAMP}, #{level,jdbcType=INTEGER}, 
      #{trace,jdbcType=VARCHAR}, #{detail,jdbcType=VARCHAR}, #{targetid,jdbcType=VARCHAR}, 
      #{userid,jdbcType=VARCHAR}, #{username,jdbcType=VARCHAR})
  </insert>
  <insert id="insertSelective" parameterType="com.jhl.refpp.po.SerialNo" >
    insert into mb_serial_no
    <trim prefix="(" suffix=")" suffixOverrides="," >
      <if test="id != null" >
        id,
      </if>
      <if test="createdAt != null" >
        created_at,
      </if>
      <if test="level != null" >
        level,
      </if>
      <if test="trace != null" >
        trace,
      </if>
      <if test="detail != null" >
        detail,
      </if>
      <if test="targetid != null" >
        targetid,
      </if>
      <if test="userid != null" >
        userid,
      </if>
      <if test="username != null" >
        username,
      </if>
    </trim>
    <trim prefix="values (" suffix=")" suffixOverrides="," >
      <if test="id != null" >
        #{id,jdbcType=VARCHAR},
      </if>
      <if test="createdAt != null" >
        #{createdAt,jdbcType=TIMESTAMP},
      </if>
      <if test="level != null" >
        #{level,jdbcType=INTEGER},
      </if>
      <if test="trace != null" >
        #{trace,jdbcType=VARCHAR},
      </if>
      <if test="detail != null" >
        #{detail,jdbcType=VARCHAR},
      </if>
      <if test="targetid != null" >
        #{targetid,jdbcType=VARCHAR},
      </if>
      <if test="userid != null" >
        #{userid,jdbcType=VARCHAR},
      </if>
      <if test="username != null" >
        #{username,jdbcType=VARCHAR},
      </if>
    </trim>
  </insert>
  <select id="countByExample" parameterType="com.jhl.refpp.po.SerialNoExample" resultType="java.lang.Integer" >
    select count(*) from mb_serial_no
    <if test="_parameter != null" >
      <include refid="Example_Where_Clause" />
    </if>
  </select>
  <update id="updateByExampleSelective" parameterType="map" >
    update mb_serial_no
    <set >
      <if test="record.id != null" >
        id = #{record.id,jdbcType=VARCHAR},
      </if>
      <if test="record.createdAt != null" >
        created_at = #{record.createdAt,jdbcType=TIMESTAMP},
      </if>
      <if test="record.level != null" >
        level = #{record.level,jdbcType=INTEGER},
      </if>
      <if test="record.trace != null" >
        trace = #{record.trace,jdbcType=VARCHAR},
      </if>
      <if test="record.detail != null" >
        detail = #{record.detail,jdbcType=VARCHAR},
      </if>
      <if test="record.targetid != null" >
        targetid = #{record.targetid,jdbcType=VARCHAR},
      </if>
      <if test="record.userid != null" >
        userid = #{record.userid,jdbcType=VARCHAR},
      </if>
      <if test="record.username != null" >
        username = #{record.username,jdbcType=VARCHAR},
      </if>
    </set>
    <if test="_parameter != null" >
      <include refid="Update_By_Example_Where_Clause" />
    </if>
  </update>
  <update id="updateByExample" parameterType="map" >
    update mb_serial_no
    set id = #{record.id,jdbcType=VARCHAR},
      created_at = #{record.createdAt,jdbcType=TIMESTAMP},
      level = #{record.level,jdbcType=INTEGER},
      trace = #{record.trace,jdbcType=VARCHAR},
      detail = #{record.detail,jdbcType=VARCHAR},
      targetid = #{record.targetid,jdbcType=VARCHAR},
      userid = #{record.userid,jdbcType=VARCHAR},
      username = #{record.username,jdbcType=VARCHAR}
    <if test="_parameter != null" >
      <include refid="Update_By_Example_Where_Clause" />
    </if>
  </update>
  <update id="updateByPrimaryKeySelective" parameterType="com.jhl.refpp.po.SerialNo" >
    update mb_serial_no
    <set >
      <if test="createdAt != null" >
        created_at = #{createdAt,jdbcType=TIMESTAMP},
      </if>
      <if test="level != null" >
        level = #{level,jdbcType=INTEGER},
      </if>
      <if test="trace != null" >
        trace = #{trace,jdbcType=VARCHAR},
      </if>
      <if test="detail != null" >
        detail = #{detail,jdbcType=VARCHAR},
      </if>
      <if test="targetid != null" >
        targetid = #{targetid,jdbcType=VARCHAR},
      </if>
      <if test="userid != null" >
        userid = #{userid,jdbcType=VARCHAR},
      </if>
      <if test="username != null" >
        username = #{username,jdbcType=VARCHAR},
      </if>
    </set>
    where id = #{id,jdbcType=VARCHAR}
  </update>
  <update id="updateByPrimaryKey" parameterType="com.jhl.refpp.po.SerialNo" >
    update mb_serial_no
    set created_at = #{createdAt,jdbcType=TIMESTAMP},
      level = #{level,jdbcType=INTEGER},
      trace = #{trace,jdbcType=VARCHAR},
      detail = #{detail,jdbcType=VARCHAR},
      targetid = #{targetid,jdbcType=VARCHAR},
      userid = #{userid,jdbcType=VARCHAR},
      username = #{username,jdbcType=VARCHAR}
    where id = #{id,jdbcType=VARCHAR}
  </update>
</mapper>