<?xml version="1.0" encoding="UTF-8" ?>
<!DOCTYPE mapper PUBLIC "-//mybatis.org//DTD Mapper 3.0//EN" "http://mybatis.org/dtd/mybatis-3-mapper.dtd" >
<mapper namespace="com.jhl.refpp.mapper.ShopMapper" >
  <resultMap id="BaseResultMap" type="com.jhl.refpp.po.Shop" >
    <id column="id" property="id" jdbcType="VARCHAR" />
    <result column="oid" property="oid" jdbcType="VARCHAR" />
    <result column="appid" property="appid" jdbcType="VARCHAR" />
    <result column="app_secret" property="appSecret" jdbcType="VARCHAR" />
    <result column="token" property="token" jdbcType="VARCHAR" />
    <result column="mch_id" property="mchId" jdbcType="VARCHAR" />
    <result column="file" property="file" jdbcType="VARCHAR" />
    <result column="paterner_key" property="paternerKey" jdbcType="VARCHAR" />
    <result column="name" property="name" jdbcType="VARCHAR" />
    <result column="phone" property="phone" jdbcType="VARCHAR" />
    <result column="poster" property="poster" jdbcType="VARCHAR" />
  </resultMap>
  <sql id="Example_Where_Clause" >
    <where >
      <foreach collection="oredCriteria" item="criteria" separator="or" >
        <if test="criteria.valid" >
          <trim prefix="(" suffix=")" prefixOverrides="and" >
            <foreach collection="criteria.criteria" item="criterion" >
              <choose >
                <when test="criterion.noValue" >
                  and ${criterion.condition}
                </when>
                <when test="criterion.singleValue" >
                  and ${criterion.condition} #{criterion.value}
                </when>
                <when test="criterion.betweenValue" >
                  and ${criterion.condition} #{criterion.value} and #{criterion.secondValue}
                </when>
                <when test="criterion.listValue" >
                  and ${criterion.condition}
                  <foreach collection="criterion.value" item="listItem" open="(" close=")" separator="," >
                    #{listItem}
                  </foreach>
                </when>
              </choose>
            </foreach>
          </trim>
        </if>
      </foreach>
    </where>
  </sql>
  <sql id="Update_By_Example_Where_Clause" >
    <where >
      <foreach collection="example.oredCriteria" item="criteria" separator="or" >
        <if test="criteria.valid" >
          <trim prefix="(" suffix=")" prefixOverrides="and" >
            <foreach collection="criteria.criteria" item="criterion" >
              <choose >
                <when test="criterion.noValue" >
                  and ${criterion.condition}
                </when>
                <when test="criterion.singleValue" >
                  and ${criterion.condition} #{criterion.value}
                </when>
                <when test="criterion.betweenValue" >
                  and ${criterion.condition} #{criterion.value} and #{criterion.secondValue}
                </when>
                <when test="criterion.listValue" >
                  and ${criterion.condition}
                  <foreach collection="criterion.value" item="listItem" open="(" close=")" separator="," >
                    #{listItem}
                  </foreach>
                </when>
              </choose>
            </foreach>
          </trim>
        </if>
      </foreach>
    </where>
  </sql>
  <sql id="Base_Column_List" >
    id, oid, appid, app_secret, token, mch_id, file, paterner_key, name, phone, poster
  </sql>
  <select id="selectByExample" resultMap="BaseResultMap" parameterType="com.jhl.refpp.po.ShopExample" >
    select
    <if test="distinct" >
      distinct
    </if>
    <include refid="Base_Column_List" />
    from mb_shop
    <if test="_parameter != null" >
      <include refid="Example_Where_Clause" />
    </if>
    <if test="orderByClause != null" >
      order by ${orderByClause}
    </if>
  </select>
  <select id="selectByPrimaryKey" resultMap="BaseResultMap" parameterType="java.lang.String" >
    select 
    <include refid="Base_Column_List" />
    from mb_shop
    where id = #{id,jdbcType=VARCHAR}
  </select>
  <delete id="deleteByPrimaryKey" parameterType="java.lang.String" >
    delete from mb_shop
    where id = #{id,jdbcType=VARCHAR}
  </delete>
  <delete id="deleteByExample" parameterType="com.jhl.refpp.po.ShopExample" >
    delete from mb_shop
    <if test="_parameter != null" >
      <include refid="Example_Where_Clause" />
    </if>
  </delete>
  <insert id="insert" parameterType="com.jhl.refpp.po.Shop" >
    insert into mb_shop (id, oid, appid, 
      app_secret, token, mch_id, 
      file, paterner_key, name, 
      phone, poster)
    values (#{id,jdbcType=VARCHAR}, #{oid,jdbcType=VARCHAR}, #{appid,jdbcType=VARCHAR}, 
      #{appSecret,jdbcType=VARCHAR}, #{token,jdbcType=VARCHAR}, #{mchId,jdbcType=VARCHAR}, 
      #{file,jdbcType=VARCHAR}, #{paternerKey,jdbcType=VARCHAR}, #{name,jdbcType=VARCHAR}, 
      #{phone,jdbcType=VARCHAR}, #{poster,jdbcType=VARCHAR})
  </insert>
  <insert id="insertSelective" parameterType="com.jhl.refpp.po.Shop" >
    insert into mb_shop
    <trim prefix="(" suffix=")" suffixOverrides="," >
      <if test="id != null" >
        id,
      </if>
      <if test="oid != null" >
        oid,
      </if>
      <if test="appid != null" >
        appid,
      </if>
      <if test="appSecret != null" >
        app_secret,
      </if>
      <if test="token != null" >
        token,
      </if>
      <if test="mchId != null" >
        mch_id,
      </if>
      <if test="file != null" >
        file,
      </if>
      <if test="paternerKey != null" >
        paterner_key,
      </if>
      <if test="name != null" >
        name,
      </if>
      <if test="phone != null" >
        phone,
      </if>
      <if test="poster != null" >
        poster,
      </if>
    </trim>
    <trim prefix="values (" suffix=")" suffixOverrides="," >
      <if test="id != null" >
        #{id,jdbcType=VARCHAR},
      </if>
      <if test="oid != null" >
        #{oid,jdbcType=VARCHAR},
      </if>
      <if test="appid != null" >
        #{appid,jdbcType=VARCHAR},
      </if>
      <if test="appSecret != null" >
        #{appSecret,jdbcType=VARCHAR},
      </if>
      <if test="token != null" >
        #{token,jdbcType=VARCHAR},
      </if>
      <if test="mchId != null" >
        #{mchId,jdbcType=VARCHAR},
      </if>
      <if test="file != null" >
        #{file,jdbcType=VARCHAR},
      </if>
      <if test="paternerKey != null" >
        #{paternerKey,jdbcType=VARCHAR},
      </if>
      <if test="name != null" >
        #{name,jdbcType=VARCHAR},
      </if>
      <if test="phone != null" >
        #{phone,jdbcType=VARCHAR},
      </if>
      <if test="poster != null" >
        #{poster,jdbcType=VARCHAR},
      </if>
    </trim>
  </insert>
  <select id="countByExample" parameterType="com.jhl.refpp.po.ShopExample" resultType="java.lang.Integer" >
    select count(*) from mb_shop
    <if test="_parameter != null" >
      <include refid="Example_Where_Clause" />
    </if>
  </select>
  <update id="updateByExampleSelective" parameterType="map" >
    update mb_shop
    <set >
      <if test="record.id != null" >
        id = #{record.id,jdbcType=VARCHAR},
      </if>
      <if test="record.oid != null" >
        oid = #{record.oid,jdbcType=VARCHAR},
      </if>
      <if test="record.appid != null" >
        appid = #{record.appid,jdbcType=VARCHAR},
      </if>
      <if test="record.appSecret != null" >
        app_secret = #{record.appSecret,jdbcType=VARCHAR},
      </if>
      <if test="record.token != null" >
        token = #{record.token,jdbcType=VARCHAR},
      </if>
      <if test="record.mchId != null" >
        mch_id = #{record.mchId,jdbcType=VARCHAR},
      </if>
      <if test="record.file != null" >
        file = #{record.file,jdbcType=VARCHAR},
      </if>
      <if test="record.paternerKey != null" >
        paterner_key = #{record.paternerKey,jdbcType=VARCHAR},
      </if>
      <if test="record.name != null" >
        name = #{record.name,jdbcType=VARCHAR},
      </if>
      <if test="record.phone != null" >
        phone = #{record.phone,jdbcType=VARCHAR},
      </if>
      <if test="record.poster != null" >
        poster = #{record.poster,jdbcType=VARCHAR},
      </if>
    </set>
    <if test="_parameter != null" >
      <include refid="Update_By_Example_Where_Clause" />
    </if>
  </update>
  <update id="updateByExample" parameterType="map" >
    update mb_shop
    set id = #{record.id,jdbcType=VARCHAR},
      oid = #{record.oid,jdbcType=VARCHAR},
      appid = #{record.appid,jdbcType=VARCHAR},
      app_secret = #{record.appSecret,jdbcType=VARCHAR},
      token = #{record.token,jdbcType=VARCHAR},
      mch_id = #{record.mchId,jdbcType=VARCHAR},
      file = #{record.file,jdbcType=VARCHAR},
      paterner_key = #{record.paternerKey,jdbcType=VARCHAR},
      name = #{record.name,jdbcType=VARCHAR},
      phone = #{record.phone,jdbcType=VARCHAR},
      poster = #{record.poster,jdbcType=VARCHAR}
    <if test="_parameter != null" >
      <include refid="Update_By_Example_Where_Clause" />
    </if>
  </update>
  <update id="updateByPrimaryKeySelective" parameterType="com.jhl.refpp.po.Shop" >
    update mb_shop
    <set >
      <if test="oid != null" >
        oid = #{oid,jdbcType=VARCHAR},
      </if>
      <if test="appid != null" >
        appid = #{appid,jdbcType=VARCHAR},
      </if>
      <if test="appSecret != null" >
        app_secret = #{appSecret,jdbcType=VARCHAR},
      </if>
      <if test="token != null" >
        token = #{token,jdbcType=VARCHAR},
      </if>
      <if test="mchId != null" >
        mch_id = #{mchId,jdbcType=VARCHAR},
      </if>
      <if test="file != null" >
        file = #{file,jdbcType=VARCHAR},
      </if>
      <if test="paternerKey != null" >
        paterner_key = #{paternerKey,jdbcType=VARCHAR},
      </if>
      <if test="name != null" >
        name = #{name,jdbcType=VARCHAR},
      </if>
      <if test="phone != null" >
        phone = #{phone,jdbcType=VARCHAR},
      </if>
      <if test="poster != null" >
        poster = #{poster,jdbcType=VARCHAR},
      </if>
    </set>
    where id = #{id,jdbcType=VARCHAR}
  </update>
  <update id="updateByPrimaryKey" parameterType="com.jhl.refpp.po.Shop" >
    update mb_shop
    set oid = #{oid,jdbcType=VARCHAR},
      appid = #{appid,jdbcType=VARCHAR},
      app_secret = #{appSecret,jdbcType=VARCHAR},
      token = #{token,jdbcType=VARCHAR},
      mch_id = #{mchId,jdbcType=VARCHAR},
      file = #{file,jdbcType=VARCHAR},
      paterner_key = #{paternerKey,jdbcType=VARCHAR},
      name = #{name,jdbcType=VARCHAR},
      phone = #{phone,jdbcType=VARCHAR},
      poster = #{poster,jdbcType=VARCHAR}
    where id = #{id,jdbcType=VARCHAR}
  </update>
</mapper>