<?xml version="1.0" encoding="UTF-8" ?>
<!DOCTYPE mapper PUBLIC "-//mybatis.org//DTD Mapper 3.0//EN" "http://mybatis.org/dtd/mybatis-3-mapper.dtd" >
<mapper namespace="com.jhl.refpp.mapper.UserMapper" >
  <resultMap id="BaseResultMap" type="com.jhl.refpp.po.User" >
    <id column="id" property="id" jdbcType="VARCHAR" />
    <result column="is_del" property="isDel" jdbcType="INTEGER" />
    <result column="created_at" property="createdAt" jdbcType="TIMESTAMP" />
    <result column="unionid" property="unionid" jdbcType="VARCHAR" />
    <result column="openid" property="openid" jdbcType="VARCHAR" />
    <result column="is_attention" property="isAttention" jdbcType="INTEGER" />
    <result column="qr_code_url" property="qrCodeUrl" jdbcType="VARCHAR" />
    <result column="referee" property="referee" jdbcType="VARCHAR" />
    <result column="name" property="name" jdbcType="VARCHAR" />
    <result column="country" property="country" jdbcType="VARCHAR" />
    <result column="province" property="province" jdbcType="VARCHAR" />
    <result column="city" property="city" jdbcType="VARCHAR" />
    <result column="sex" property="sex" jdbcType="VARCHAR" />
    <result column="mobile" property="mobile" jdbcType="VARCHAR" />
    <result column="platform" property="platform" jdbcType="INTEGER" />
    <result column="pwd" property="pwd" jdbcType="VARCHAR" />
    <result column="credit" property="credit" jdbcType="INTEGER" />
    <result column="role" property="role" jdbcType="INTEGER" />
    <result column="level" property="level" jdbcType="INTEGER" />
    <result column="head_pic" property="headPic" jdbcType="VARCHAR" />
  </resultMap>
  <sql id="Example_Where_Clause" >
    <where >
      <foreach collection="oredCriteria" item="criteria" separator="or" >
        <if test="criteria.valid" >
          <trim prefix="(" suffix=")" prefixOverrides="and" >
            <foreach collection="criteria.criteria" item="criterion" >
              <choose >
                <when test="criterion.noValue" >
                  and ${criterion.condition}
                </when>
                <when test="criterion.singleValue" >
                  and ${criterion.condition} #{criterion.value}
                </when>
                <when test="criterion.betweenValue" >
                  and ${criterion.condition} #{criterion.value} and #{criterion.secondValue}
                </when>
                <when test="criterion.listValue" >
                  and ${criterion.condition}
                  <foreach collection="criterion.value" item="listItem" open="(" close=")" separator="," >
                    #{listItem}
                  </foreach>
                </when>
              </choose>
            </foreach>
          </trim>
        </if>
      </foreach>
    </where>
  </sql>
  <sql id="Update_By_Example_Where_Clause" >
    <where >
      <foreach collection="example.oredCriteria" item="criteria" separator="or" >
        <if test="criteria.valid" >
          <trim prefix="(" suffix=")" prefixOverrides="and" >
            <foreach collection="criteria.criteria" item="criterion" >
              <choose >
                <when test="criterion.noValue" >
                  and ${criterion.condition}
                </when>
                <when test="criterion.singleValue" >
                  and ${criterion.condition} #{criterion.value}
                </when>
                <when test="criterion.betweenValue" >
                  and ${criterion.condition} #{criterion.value} and #{criterion.secondValue}
                </when>
                <when test="criterion.listValue" >
                  and ${criterion.condition}
                  <foreach collection="criterion.value" item="listItem" open="(" close=")" separator="," >
                    #{listItem}
                  </foreach>
                </when>
              </choose>
            </foreach>
          </trim>
        </if>
      </foreach>
    </where>
  </sql>
  <sql id="Base_Column_List" >
    id, is_del, created_at, unionid, openid, is_attention, qr_code_url, referee, name, 
    country, province, city, sex, mobile, platform, pwd, credit, role, level, head_pic
  </sql>
  <select id="selectByExample" resultMap="BaseResultMap" parameterType="com.jhl.refpp.po.UserExample" >
    select
    <if test="distinct" >
      distinct
    </if>
    <include refid="Base_Column_List" />
    from mb_user
    <if test="_parameter != null" >
      <include refid="Example_Where_Clause" />
    </if>
    <if test="orderByClause != null" >
      order by ${orderByClause}
    </if>
  </select>
  <select id="selectByPrimaryKey" resultMap="BaseResultMap" parameterType="java.lang.String" >
    select 
    <include refid="Base_Column_List" />
    from mb_user
    where id = #{id,jdbcType=VARCHAR}
  </select>
  <delete id="deleteByPrimaryKey" parameterType="java.lang.String" >
    delete from mb_user
    where id = #{id,jdbcType=VARCHAR}
  </delete>
  <delete id="deleteByExample" parameterType="com.jhl.refpp.po.UserExample" >
    delete from mb_user
    <if test="_parameter != null" >
      <include refid="Example_Where_Clause" />
    </if>
  </delete>
  <insert id="insert" parameterType="com.jhl.refpp.po.User" >
    insert into mb_user (id, is_del, created_at, 
      unionid, openid, is_attention, 
      qr_code_url, referee, name, 
      country, province, city, 
      sex, mobile, platform, 
      pwd, credit, role, 
      level, head_pic)
    values (#{id,jdbcType=VARCHAR}, #{isDel,jdbcType=INTEGER}, #{createdAt,jdbcType=TIMESTAMP}, 
      #{unionid,jdbcType=VARCHAR}, #{openid,jdbcType=VARCHAR}, #{isAttention,jdbcType=INTEGER}, 
      #{qrCodeUrl,jdbcType=VARCHAR}, #{referee,jdbcType=VARCHAR}, #{name,jdbcType=VARCHAR}, 
      #{country,jdbcType=VARCHAR}, #{province,jdbcType=VARCHAR}, #{city,jdbcType=VARCHAR}, 
      #{sex,jdbcType=VARCHAR}, #{mobile,jdbcType=VARCHAR}, #{platform,jdbcType=INTEGER}, 
      #{pwd,jdbcType=VARCHAR}, #{credit,jdbcType=INTEGER}, #{role,jdbcType=INTEGER}, 
      #{level,jdbcType=INTEGER}, #{headPic,jdbcType=VARCHAR})
  </insert>
  <insert id="insertSelective" parameterType="com.jhl.refpp.po.User" >
    insert into mb_user
    <trim prefix="(" suffix=")" suffixOverrides="," >
      <if test="id != null" >
        id,
      </if>
      <if test="isDel != null" >
        is_del,
      </if>
      <if test="createdAt != null" >
        created_at,
      </if>
      <if test="unionid != null" >
        unionid,
      </if>
      <if test="openid != null" >
        openid,
      </if>
      <if test="isAttention != null" >
        is_attention,
      </if>
      <if test="qrCodeUrl != null" >
        qr_code_url,
      </if>
      <if test="referee != null" >
        referee,
      </if>
      <if test="name != null" >
        name,
      </if>
      <if test="country != null" >
        country,
      </if>
      <if test="province != null" >
        province,
      </if>
      <if test="city != null" >
        city,
      </if>
      <if test="sex != null" >
        sex,
      </if>
      <if test="mobile != null" >
        mobile,
      </if>
      <if test="platform != null" >
        platform,
      </if>
      <if test="pwd != null" >
        pwd,
      </if>
      <if test="credit != null" >
        credit,
      </if>
      <if test="role != null" >
        role,
      </if>
      <if test="level != null" >
        level,
      </if>
      <if test="headPic != null" >
        head_pic,
      </if>
    </trim>
    <trim prefix="values (" suffix=")" suffixOverrides="," >
      <if test="id != null" >
        #{id,jdbcType=VARCHAR},
      </if>
      <if test="isDel != null" >
        #{isDel,jdbcType=INTEGER},
      </if>
      <if test="createdAt != null" >
        #{createdAt,jdbcType=TIMESTAMP},
      </if>
      <if test="unionid != null" >
        #{unionid,jdbcType=VARCHAR},
      </if>
      <if test="openid != null" >
        #{openid,jdbcType=VARCHAR},
      </if>
      <if test="isAttention != null" >
        #{isAttention,jdbcType=INTEGER},
      </if>
      <if test="qrCodeUrl != null" >
        #{qrCodeUrl,jdbcType=VARCHAR},
      </if>
      <if test="referee != null" >
        #{referee,jdbcType=VARCHAR},
      </if>
      <if test="name != null" >
        #{name,jdbcType=VARCHAR},
      </if>
      <if test="country != null" >
        #{country,jdbcType=VARCHAR},
      </if>
      <if test="province != null" >
        #{province,jdbcType=VARCHAR},
      </if>
      <if test="city != null" >
        #{city,jdbcType=VARCHAR},
      </if>
      <if test="sex != null" >
        #{sex,jdbcType=VARCHAR},
      </if>
      <if test="mobile != null" >
        #{mobile,jdbcType=VARCHAR},
      </if>
      <if test="platform != null" >
        #{platform,jdbcType=INTEGER},
      </if>
      <if test="pwd != null" >
        #{pwd,jdbcType=VARCHAR},
      </if>
      <if test="credit != null" >
        #{credit,jdbcType=INTEGER},
      </if>
      <if test="role != null" >
        #{role,jdbcType=INTEGER},
      </if>
      <if test="level != null" >
        #{level,jdbcType=INTEGER},
      </if>
      <if test="headPic != null" >
        #{headPic,jdbcType=VARCHAR},
      </if>
    </trim>
  </insert>
  <select id="countByExample" parameterType="com.jhl.refpp.po.UserExample" resultType="java.lang.Integer" >
    select count(*) from mb_user
    <if test="_parameter != null" >
      <include refid="Example_Where_Clause" />
    </if>
  </select>
  <update id="updateByExampleSelective" parameterType="map" >
    update mb_user
    <set >
      <if test="record.id != null" >
        id = #{record.id,jdbcType=VARCHAR},
      </if>
      <if test="record.isDel != null" >
        is_del = #{record.isDel,jdbcType=INTEGER},
      </if>
      <if test="record.createdAt != null" >
        created_at = #{record.createdAt,jdbcType=TIMESTAMP},
      </if>
      <if test="record.unionid != null" >
        unionid = #{record.unionid,jdbcType=VARCHAR},
      </if>
      <if test="record.openid != null" >
        openid = #{record.openid,jdbcType=VARCHAR},
      </if>
      <if test="record.isAttention != null" >
        is_attention = #{record.isAttention,jdbcType=INTEGER},
      </if>
      <if test="record.qrCodeUrl != null" >
        qr_code_url = #{record.qrCodeUrl,jdbcType=VARCHAR},
      </if>
      <if test="record.referee != null" >
        referee = #{record.referee,jdbcType=VARCHAR},
      </if>
      <if test="record.name != null" >
        name = #{record.name,jdbcType=VARCHAR},
      </if>
      <if test="record.country != null" >
        country = #{record.country,jdbcType=VARCHAR},
      </if>
      <if test="record.province != null" >
        province = #{record.province,jdbcType=VARCHAR},
      </if>
      <if test="record.city != null" >
        city = #{record.city,jdbcType=VARCHAR},
      </if>
      <if test="record.sex != null" >
        sex = #{record.sex,jdbcType=VARCHAR},
      </if>
      <if test="record.mobile != null" >
        mobile = #{record.mobile,jdbcType=VARCHAR},
      </if>
      <if test="record.platform != null" >
        platform = #{record.platform,jdbcType=INTEGER},
      </if>
      <if test="record.pwd != null" >
        pwd = #{record.pwd,jdbcType=VARCHAR},
      </if>
      <if test="record.credit != null" >
        credit = #{record.credit,jdbcType=INTEGER},
      </if>
      <if test="record.role != null" >
        role = #{record.role,jdbcType=INTEGER},
      </if>
      <if test="record.level != null" >
        level = #{record.level,jdbcType=INTEGER},
      </if>
      <if test="record.headPic != null" >
        head_pic = #{record.headPic,jdbcType=VARCHAR},
      </if>
    </set>
    <if test="_parameter != null" >
      <include refid="Update_By_Example_Where_Clause" />
    </if>
  </update>
  <update id="updateByExample" parameterType="map" >
    update mb_user
    set id = #{record.id,jdbcType=VARCHAR},
      is_del = #{record.isDel,jdbcType=INTEGER},
      created_at = #{record.createdAt,jdbcType=TIMESTAMP},
      unionid = #{record.unionid,jdbcType=VARCHAR},
      openid = #{record.openid,jdbcType=VARCHAR},
      is_attention = #{record.isAttention,jdbcType=INTEGER},
      qr_code_url = #{record.qrCodeUrl,jdbcType=VARCHAR},
      referee = #{record.referee,jdbcType=VARCHAR},
      name = #{record.name,jdbcType=VARCHAR},
      country = #{record.country,jdbcType=VARCHAR},
      province = #{record.province,jdbcType=VARCHAR},
      city = #{record.city,jdbcType=VARCHAR},
      sex = #{record.sex,jdbcType=VARCHAR},
      mobile = #{record.mobile,jdbcType=VARCHAR},
      platform = #{record.platform,jdbcType=INTEGER},
      pwd = #{record.pwd,jdbcType=VARCHAR},
      credit = #{record.credit,jdbcType=INTEGER},
      role = #{record.role,jdbcType=INTEGER},
      level = #{record.level,jdbcType=INTEGER},
      head_pic = #{record.headPic,jdbcType=VARCHAR}
    <if test="_parameter != null" >
      <include refid="Update_By_Example_Where_Clause" />
    </if>
  </update>
  <update id="updateByPrimaryKeySelective" parameterType="com.jhl.refpp.po.User" >
    update mb_user
    <set >
      <if test="isDel != null" >
        is_del = #{isDel,jdbcType=INTEGER},
      </if>
      <if test="createdAt != null" >
        created_at = #{createdAt,jdbcType=TIMESTAMP},
      </if>
      <if test="unionid != null" >
        unionid = #{unionid,jdbcType=VARCHAR},
      </if>
      <if test="openid != null" >
        openid = #{openid,jdbcType=VARCHAR},
      </if>
      <if test="isAttention != null" >
        is_attention = #{isAttention,jdbcType=INTEGER},
      </if>
      <if test="qrCodeUrl != null" >
        qr_code_url = #{qrCodeUrl,jdbcType=VARCHAR},
      </if>
      <if test="referee != null" >
        referee = #{referee,jdbcType=VARCHAR},
      </if>
      <if test="name != null" >
        name = #{name,jdbcType=VARCHAR},
      </if>
      <if test="country != null" >
        country = #{country,jdbcType=VARCHAR},
      </if>
      <if test="province != null" >
        province = #{province,jdbcType=VARCHAR},
      </if>
      <if test="city != null" >
        city = #{city,jdbcType=VARCHAR},
      </if>
      <if test="sex != null" >
        sex = #{sex,jdbcType=VARCHAR},
      </if>
      <if test="mobile != null" >
        mobile = #{mobile,jdbcType=VARCHAR},
      </if>
      <if test="platform != null" >
        platform = #{platform,jdbcType=INTEGER},
      </if>
      <if test="pwd != null" >
        pwd = #{pwd,jdbcType=VARCHAR},
      </if>
      <if test="credit != null" >
        credit = #{credit,jdbcType=INTEGER},
      </if>
      <if test="role != null" >
        role = #{role,jdbcType=INTEGER},
      </if>
      <if test="level != null" >
        level = #{level,jdbcType=INTEGER},
      </if>
      <if test="headPic != null" >
        head_pic = #{headPic,jdbcType=VARCHAR},
      </if>
    </set>
    where id = #{id,jdbcType=VARCHAR}
  </update>
  <update id="updateByPrimaryKey" parameterType="com.jhl.refpp.po.User" >
    update mb_user
    set is_del = #{isDel,jdbcType=INTEGER},
      created_at = #{createdAt,jdbcType=TIMESTAMP},
      unionid = #{unionid,jdbcType=VARCHAR},
      openid = #{openid,jdbcType=VARCHAR},
      is_attention = #{isAttention,jdbcType=INTEGER},
      qr_code_url = #{qrCodeUrl,jdbcType=VARCHAR},
      referee = #{referee,jdbcType=VARCHAR},
      name = #{name,jdbcType=VARCHAR},
      country = #{country,jdbcType=VARCHAR},
      province = #{province,jdbcType=VARCHAR},
      city = #{city,jdbcType=VARCHAR},
      sex = #{sex,jdbcType=VARCHAR},
      mobile = #{mobile,jdbcType=VARCHAR},
      platform = #{platform,jdbcType=INTEGER},
      pwd = #{pwd,jdbcType=VARCHAR},
      credit = #{credit,jdbcType=INTEGER},
      role = #{role,jdbcType=INTEGER},
      level = #{level,jdbcType=INTEGER},
      head_pic = #{headPic,jdbcType=VARCHAR}
    where id = #{id,jdbcType=VARCHAR}
  </update>
</mapper>