<?xml version="1.0" encoding="UTF-8" ?>
<!DOCTYPE mapper PUBLIC "-//mybatis.org//DTD Mapper 3.0//EN" "http://mybatis.org/dtd/mybatis-3-mapper.dtd" >
<mapper namespace="com.jhl.refpp.mapper.WxMapper" >
  <resultMap id="BaseResultMap" type="com.jhl.refpp.po.Wx" >
    <id column="id" property="id" jdbcType="VARCHAR" />
    <result column="appid" property="appid" jdbcType="VARCHAR" />
    <result column="app_secret" property="appSecret" jdbcType="VARCHAR" />
    <result column="name" property="name" jdbcType="VARCHAR" />
  </resultMap>
  <sql id="Example_Where_Clause" >
    <where >
      <foreach collection="oredCriteria" item="criteria" separator="or" >
        <if test="criteria.valid" >
          <trim prefix="(" suffix=")" prefixOverrides="and" >
            <foreach collection="criteria.criteria" item="criterion" >
              <choose >
                <when test="criterion.noValue" >
                  and ${criterion.condition}
                </when>
                <when test="criterion.singleValue" >
                  and ${criterion.condition} #{criterion.value}
                </when>
                <when test="criterion.betweenValue" >
                  and ${criterion.condition} #{criterion.value} and #{criterion.secondValue}
                </when>
                <when test="criterion.listValue" >
                  and ${criterion.condition}
                  <foreach collection="criterion.value" item="listItem" open="(" close=")" separator="," >
                    #{listItem}
                  </foreach>
                </when>
              </choose>
            </foreach>
          </trim>
        </if>
      </foreach>
    </where>
  </sql>
  <sql id="Update_By_Example_Where_Clause" >
    <where >
      <foreach collection="example.oredCriteria" item="criteria" separator="or" >
        <if test="criteria.valid" >
          <trim prefix="(" suffix=")" prefixOverrides="and" >
            <foreach collection="criteria.criteria" item="criterion" >
              <choose >
                <when test="criterion.noValue" >
                  and ${criterion.condition}
                </when>
                <when test="criterion.singleValue" >
                  and ${criterion.condition} #{criterion.value}
                </when>
                <when test="criterion.betweenValue" >
                  and ${criterion.condition} #{criterion.value} and #{criterion.secondValue}
                </when>
                <when test="criterion.listValue" >
                  and ${criterion.condition}
                  <foreach collection="criterion.value" item="listItem" open="(" close=")" separator="," >
                    #{listItem}
                  </foreach>
                </when>
              </choose>
            </foreach>
          </trim>
        </if>
      </foreach>
    </where>
  </sql>
  <sql id="Base_Column_List" >
    id, appid, app_secret, name
  </sql>
  <select id="selectByExample" resultMap="BaseResultMap" parameterType="com.jhl.refpp.po.WxExample" >
    select
    <if test="distinct" >
      distinct
    </if>
    <include refid="Base_Column_List" />
    from mb_wx
    <if test="_parameter != null" >
      <include refid="Example_Where_Clause" />
    </if>
    <if test="orderByClause != null" >
      order by ${orderByClause}
    </if>
  </select>
  <select id="selectByPrimaryKey" resultMap="BaseResultMap" parameterType="java.lang.String" >
    select 
    <include refid="Base_Column_List" />
    from mb_wx
    where id = #{id,jdbcType=VARCHAR}
  </select>
  <delete id="deleteByPrimaryKey" parameterType="java.lang.String" >
    delete from mb_wx
    where id = #{id,jdbcType=VARCHAR}
  </delete>
  <delete id="deleteByExample" parameterType="com.jhl.refpp.po.WxExample" >
    delete from mb_wx
    <if test="_parameter != null" >
      <include refid="Example_Where_Clause" />
    </if>
  </delete>
  <insert id="insert" parameterType="com.jhl.refpp.po.Wx" >
    insert into mb_wx (id, appid, app_secret, 
      name)
    values (#{id,jdbcType=VARCHAR}, #{appid,jdbcType=VARCHAR}, #{appSecret,jdbcType=VARCHAR}, 
      #{name,jdbcType=VARCHAR})
  </insert>
  <insert id="insertSelective" parameterType="com.jhl.refpp.po.Wx" >
    insert into mb_wx
    <trim prefix="(" suffix=")" suffixOverrides="," >
      <if test="id != null" >
        id,
      </if>
      <if test="appid != null" >
        appid,
      </if>
      <if test="appSecret != null" >
        app_secret,
      </if>
      <if test="name != null" >
        name,
      </if>
    </trim>
    <trim prefix="values (" suffix=")" suffixOverrides="," >
      <if test="id != null" >
        #{id,jdbcType=VARCHAR},
      </if>
      <if test="appid != null" >
        #{appid,jdbcType=VARCHAR},
      </if>
      <if test="appSecret != null" >
        #{appSecret,jdbcType=VARCHAR},
      </if>
      <if test="name != null" >
        #{name,jdbcType=VARCHAR},
      </if>
    </trim>
  </insert>
  <select id="countByExample" parameterType="com.jhl.refpp.po.WxExample" resultType="java.lang.Integer" >
    select count(*) from mb_wx
    <if test="_parameter != null" >
      <include refid="Example_Where_Clause" />
    </if>
  </select>
  <update id="updateByExampleSelective" parameterType="map" >
    update mb_wx
    <set >
      <if test="record.id != null" >
        id = #{record.id,jdbcType=VARCHAR},
      </if>
      <if test="record.appid != null" >
        appid = #{record.appid,jdbcType=VARCHAR},
      </if>
      <if test="record.appSecret != null" >
        app_secret = #{record.appSecret,jdbcType=VARCHAR},
      </if>
      <if test="record.name != null" >
        name = #{record.name,jdbcType=VARCHAR},
      </if>
    </set>
    <if test="_parameter != null" >
      <include refid="Update_By_Example_Where_Clause" />
    </if>
  </update>
  <update id="updateByExample" parameterType="map" >
    update mb_wx
    set id = #{record.id,jdbcType=VARCHAR},
      appid = #{record.appid,jdbcType=VARCHAR},
      app_secret = #{record.appSecret,jdbcType=VARCHAR},
      name = #{record.name,jdbcType=VARCHAR}
    <if test="_parameter != null" >
      <include refid="Update_By_Example_Where_Clause" />
    </if>
  </update>
  <update id="updateByPrimaryKeySelective" parameterType="com.jhl.refpp.po.Wx" >
    update mb_wx
    <set >
      <if test="appid != null" >
        appid = #{appid,jdbcType=VARCHAR},
      </if>
      <if test="appSecret != null" >
        app_secret = #{appSecret,jdbcType=VARCHAR},
      </if>
      <if test="name != null" >
        name = #{name,jdbcType=VARCHAR},
      </if>
    </set>
    where id = #{id,jdbcType=VARCHAR}
  </update>
  <update id="updateByPrimaryKey" parameterType="com.jhl.refpp.po.Wx" >
    update mb_wx
    set appid = #{appid,jdbcType=VARCHAR},
      app_secret = #{appSecret,jdbcType=VARCHAR},
      name = #{name,jdbcType=VARCHAR}
    where id = #{id,jdbcType=VARCHAR}
  </update>
</mapper>