<?xml version="1.0" encoding="UTF-8" ?>
<!DOCTYPE mapper PUBLIC "-//mybatis.org//DTD Mapper 3.0//EN" "http://mybatis.org/dtd/mybatis-3-mapper.dtd" >
<mapper namespace="com.jhl.refpp.mapper.WxSessionMapper" >
  <resultMap id="BaseResultMap" type="com.jhl.refpp.po.WxSession" >
    <id column="id" property="id" jdbcType="VARCHAR" />
    <result column="appid" property="appid" jdbcType="VARCHAR" />
    <result column="userid" property="userid" jdbcType="VARCHAR" />
    <result column="sessionid" property="sessionid" jdbcType="VARCHAR" />
    <result column="openid" property="openid" jdbcType="VARCHAR" />
    <result column="data" property="data" jdbcType="CHAR" />
  </resultMap>
  <sql id="Example_Where_Clause" >
    <where >
      <foreach collection="oredCriteria" item="criteria" separator="or" >
        <if test="criteria.valid" >
          <trim prefix="(" suffix=")" prefixOverrides="and" >
            <foreach collection="criteria.criteria" item="criterion" >
              <choose >
                <when test="criterion.noValue" >
                  and ${criterion.condition}
                </when>
                <when test="criterion.singleValue" >
                  and ${criterion.condition} #{criterion.value}
                </when>
                <when test="criterion.betweenValue" >
                  and ${criterion.condition} #{criterion.value} and #{criterion.secondValue}
                </when>
                <when test="criterion.listValue" >
                  and ${criterion.condition}
                  <foreach collection="criterion.value" item="listItem" open="(" close=")" separator="," >
                    #{listItem}
                  </foreach>
                </when>
              </choose>
            </foreach>
          </trim>
        </if>
      </foreach>
    </where>
  </sql>
  <sql id="Update_By_Example_Where_Clause" >
    <where >
      <foreach collection="example.oredCriteria" item="criteria" separator="or" >
        <if test="criteria.valid" >
          <trim prefix="(" suffix=")" prefixOverrides="and" >
            <foreach collection="criteria.criteria" item="criterion" >
              <choose >
                <when test="criterion.noValue" >
                  and ${criterion.condition}
                </when>
                <when test="criterion.singleValue" >
                  and ${criterion.condition} #{criterion.value}
                </when>
                <when test="criterion.betweenValue" >
                  and ${criterion.condition} #{criterion.value} and #{criterion.secondValue}
                </when>
                <when test="criterion.listValue" >
                  and ${criterion.condition}
                  <foreach collection="criterion.value" item="listItem" open="(" close=")" separator="," >
                    #{listItem}
                  </foreach>
                </when>
              </choose>
            </foreach>
          </trim>
        </if>
      </foreach>
    </where>
  </sql>
  <sql id="Base_Column_List" >
    id, appid, userid, sessionid, openid, data
  </sql>
  <select id="selectByExample" resultMap="BaseResultMap" parameterType="com.jhl.refpp.po.WxSessionExample" >
    select
    <if test="distinct" >
      distinct
    </if>
    <include refid="Base_Column_List" />
    from mb_wx_session
    <if test="_parameter != null" >
      <include refid="Example_Where_Clause" />
    </if>
    <if test="orderByClause != null" >
      order by ${orderByClause}
    </if>
  </select>
  <select id="selectByPrimaryKey" resultMap="BaseResultMap" parameterType="java.lang.String" >
    select 
    <include refid="Base_Column_List" />
    from mb_wx_session
    where id = #{id,jdbcType=VARCHAR}
  </select>
  <delete id="deleteByPrimaryKey" parameterType="java.lang.String" >
    delete from mb_wx_session
    where id = #{id,jdbcType=VARCHAR}
  </delete>
  <delete id="deleteByExample" parameterType="com.jhl.refpp.po.WxSessionExample" >
    delete from mb_wx_session
    <if test="_parameter != null" >
      <include refid="Example_Where_Clause" />
    </if>
  </delete>
  <insert id="insert" parameterType="com.jhl.refpp.po.WxSession" >
    insert into mb_wx_session (id, appid, userid, 
      sessionid, openid, data
      )
    values (#{id,jdbcType=VARCHAR}, #{appid,jdbcType=VARCHAR}, #{userid,jdbcType=VARCHAR}, 
      #{sessionid,jdbcType=VARCHAR}, #{openid,jdbcType=VARCHAR}, #{data,jdbcType=CHAR}
      )
  </insert>
  <insert id="insertSelective" parameterType="com.jhl.refpp.po.WxSession" >
    insert into mb_wx_session
    <trim prefix="(" suffix=")" suffixOverrides="," >
      <if test="id != null" >
        id,
      </if>
      <if test="appid != null" >
        appid,
      </if>
      <if test="userid != null" >
        userid,
      </if>
      <if test="sessionid != null" >
        sessionid,
      </if>
      <if test="openid != null" >
        openid,
      </if>
      <if test="data != null" >
        data,
      </if>
    </trim>
    <trim prefix="values (" suffix=")" suffixOverrides="," >
      <if test="id != null" >
        #{id,jdbcType=VARCHAR},
      </if>
      <if test="appid != null" >
        #{appid,jdbcType=VARCHAR},
      </if>
      <if test="userid != null" >
        #{userid,jdbcType=VARCHAR},
      </if>
      <if test="sessionid != null" >
        #{sessionid,jdbcType=VARCHAR},
      </if>
      <if test="openid != null" >
        #{openid,jdbcType=VARCHAR},
      </if>
      <if test="data != null" >
        #{data,jdbcType=CHAR},
      </if>
    </trim>
  </insert>
  <select id="countByExample" parameterType="com.jhl.refpp.po.WxSessionExample" resultType="java.lang.Integer" >
    select count(*) from mb_wx_session
    <if test="_parameter != null" >
      <include refid="Example_Where_Clause" />
    </if>
  </select>
  <update id="updateByExampleSelective" parameterType="map" >
    update mb_wx_session
    <set >
      <if test="record.id != null" >
        id = #{record.id,jdbcType=VARCHAR},
      </if>
      <if test="record.appid != null" >
        appid = #{record.appid,jdbcType=VARCHAR},
      </if>
      <if test="record.userid != null" >
        userid = #{record.userid,jdbcType=VARCHAR},
      </if>
      <if test="record.sessionid != null" >
        sessionid = #{record.sessionid,jdbcType=VARCHAR},
      </if>
      <if test="record.openid != null" >
        openid = #{record.openid,jdbcType=VARCHAR},
      </if>
      <if test="record.data != null" >
        data = #{record.data,jdbcType=CHAR},
      </if>
    </set>
    <if test="_parameter != null" >
      <include refid="Update_By_Example_Where_Clause" />
    </if>
  </update>
  <update id="updateByExample" parameterType="map" >
    update mb_wx_session
    set id = #{record.id,jdbcType=VARCHAR},
      appid = #{record.appid,jdbcType=VARCHAR},
      userid = #{record.userid,jdbcType=VARCHAR},
      sessionid = #{record.sessionid,jdbcType=VARCHAR},
      openid = #{record.openid,jdbcType=VARCHAR},
      data = #{record.data,jdbcType=CHAR}
    <if test="_parameter != null" >
      <include refid="Update_By_Example_Where_Clause" />
    </if>
  </update>
  <update id="updateByPrimaryKeySelective" parameterType="com.jhl.refpp.po.WxSession" >
    update mb_wx_session
    <set >
      <if test="appid != null" >
        appid = #{appid,jdbcType=VARCHAR},
      </if>
      <if test="userid != null" >
        userid = #{userid,jdbcType=VARCHAR},
      </if>
      <if test="sessionid != null" >
        sessionid = #{sessionid,jdbcType=VARCHAR},
      </if>
      <if test="openid != null" >
        openid = #{openid,jdbcType=VARCHAR},
      </if>
      <if test="data != null" >
        data = #{data,jdbcType=CHAR},
      </if>
    </set>
    where id = #{id,jdbcType=VARCHAR}
  </update>
  <update id="updateByPrimaryKey" parameterType="com.jhl.refpp.po.WxSession" >
    update mb_wx_session
    set appid = #{appid,jdbcType=VARCHAR},
      userid = #{userid,jdbcType=VARCHAR},
      sessionid = #{sessionid,jdbcType=VARCHAR},
      openid = #{openid,jdbcType=VARCHAR},
      data = #{data,jdbcType=CHAR}
    where id = #{id,jdbcType=VARCHAR}
  </update>
</mapper>