<?xml version="1.0" encoding="UTF-8"?>
<beans xmlns="http://www.springframework.org/schema/beans"
	xmlns:context="http://www.springframework.org/schema/context" xmlns:p="http://www.springframework.org/schema/p"
	xmlns:aop="http://www.springframework.org/schema/aop" xmlns:tx="http://www.springframework.org/schema/tx"
	xmlns:xsi="http://www.w3.org/2001/XMLSchema-instance" xmlns:task="http://www.springframework.org/schema/task"
	xsi:schemaLocation="http://www.springframework.org/schema/beans http://www.springframework.org/schema/beans/spring-beans-3.1.xsd
                           http://www.springframework.org/schema/context http://www.springframework.org/schema/context/spring-context-3.1.xsd
                           http://www.springframework.org/schema/tx http://www.springframework.org/schema/tx/spring-tx-3.1.xsd
                           http://www.springframework.org/schema/aop http://www.springframework.org/schema/aop/spring-aop-3.1.xsd
                           http://www.springframework.org/schema/task 
       					   http://www.springframework.org/schema/task/spring-task.xsd">
	<context:component-scan base-package="com.jhl.refpp"
		use-default-filters="true">
		<context:exclude-filter type="annotation"
			expression="org.springframework.stereotype.Controller" />
	</context:component-scan>
	<context:spring-configured />
	<context:annotation-config />

	<aop:aspectj-autoproxy proxy-target-class="true" />
	<context:annotation-config />
	<!-- 在applicationContext.xml中进行配置，使用定时器 ref : pojo类的名称 method : 调用的方式名称 
		cron : cronExpression表达式 cron="0/5 * * * * ?" //表示五秒钟执行一次 -->
	<task:scheduled-tasks>
		<!--<task:scheduled ref="myTask" method="testJob" cron="0/30 * * * * ?"/>   -->
		<task:scheduled ref="myTask" method="buildsend2hMesTask" cron="0 0 2 * * ?" /> 
		<task:scheduled ref="myTask" method="buildsend8h8mMesTask" cron="0 8 8 * * ?" /> 
		<task:scheduled ref="myTask" method="buildsendWed8h8mMesTask" cron="0 8 8 ? * WED" />
	</task:scheduled-tasks>

	<bean id="startRun" class="com.jhl.refpp.service.ShopService" scope="singleton" init-method="startRun"></bean>

	<context:property-placeholder location="classpath:datasource.properties" />

	<bean class="org.springframework.context.support.ResourceBundleMessageSource"
		id="messageSource" p:basenames="message" />

	<bean id="dataSource" class="com.alibaba.druid.pool.DruidDataSource">
		<property name="driverClassName" value="${jdbc.driver}" />
		<property name="url" value="${jdbc.url}" />
		<property name="username" value="${jdbc.username}" />
		<property name="password" value="${jdbc.password}" />
	</bean>

	<bean id="transactionManager"
		class="org.springframework.jdbc.datasource.DataSourceTransactionManager">
		<property name="dataSource" ref="dataSource" />
	</bean>
	
	
	<bean id="mapWrapperFactory" class="com.jhl.refpp.core.MapWrapperFactory"> 
	</bean>
	
	<bean id="sqlSessionFactory" class="org.mybatis.spring.SqlSessionFactoryBean">
		<property name="dataSource" ref="dataSource" />
		<property name="configLocation" value="classpath:config/mybatis/sqlMapConfig.xml" />
		<!--camelCase  转换驼峰-->
        <property name="objectWrapperFactory" ref="mapWrapperFactory" />
	</bean>

	<bean class="org.mybatis.spring.mapper.MapperScannerConfigurer"
		id="mapperScannerConfigurer">
		<property name="sqlSessionFactoryBeanName" value="sqlSessionFactory" />
		<property name="basePackage" value="com.jhl.refpp.mapper" />
	</bean>
	<bean class="org.mybatis.spring.mapper.MapperScannerConfigurer"
		id="mapperScannerConfigurer2">
		<property name="sqlSessionFactoryBeanName" value="sqlSessionFactory" />
		<property name="basePackage" value="com.jhl.refpp.mapper.ext" />
	</bean>
	<tx:annotation-driven mode="aspectj"
		transaction-manager="transactionManager" />
	<tx:advice id="txAdvice" transaction-manager="transactionManager">
		<tx:attributes>
			<tx:method name="find*" read-only="true" propagation="SUPPORTS" />
			<tx:method name="get*" read-only="true" propagation="SUPPORTS" />
			<tx:method name="query*" read-only="true" propagation="SUPPORTS" />
			<tx:method name="obtain*" read-only="true" propagation="SUPPORTS" />
			<tx:method name="get*" read-only="true" propagation="SUPPORTS" /> 
			<tx:method name="*Event" read-only="false" propagation="REQUIRED" rollback-for="java.lang.Exception" />
			<tx:method name="add*" read-only="false" propagation="REQUIRED" rollback-for="java.lang.Exception" />
			<tx:method name="del*" read-only="false" propagation="REQUIRED" rollback-for="java.lang.Exception" />
			<tx:method name="delete*" read-only="false" propagation="REQUIRED" rollback-for="java.lang.Exception" />
			<tx:method name="remove*" read-only="false" propagation="REQUIRED" rollback-for="java.lang.Exception" />
			<tx:method name="insert*" read-only="false" propagation="REQUIRED" rollback-for="java.lang.Exception" />
			<tx:method name="save*" read-only="false" propagation="REQUIRED" rollback-for="java.lang.Exception" />
			<tx:method name="update*" read-only="false" propagation="REQUIRED" rollback-for="java.lang.Exception" />
			<tx:method name="change*" read-only="false" propagation="REQUIRED" rollback-for="java.lang.Exception" />
			<tx:method name="modify*" read-only="false" propagation="REQUIRED" rollback-for="java.lang.Exception" />
			<tx:method name="order" read-only="false" propagation="REQUIRED" rollback-for="java.lang.Exception" />
			<tx:method name="register" read-only="false" propagation="REQUIRED" rollback-for="java.lang.Exception" /> 
			<tx:method name="refund*" read-only="false" propagation="REQUIRED" rollback-for="java.lang.Exception" />
			<tx:method name="pay*" read-only="false" propagation="REQUIRED" rollback-for="java.lang.Exception" />
			<tx:method name="stat*" read-only="false" propagation="REQUIRED" rollback-for="java.lang.Exception" />
			<tx:method name="cancel*" read-only="false" propagation="REQUIRED" rollback-for="java.lang.Exception" />
			<tx:method name="complete*" read-only="false" propagation="REQUIRED" rollback-for="java.lang.Exception" />
			<tx:method name="cau*" read-only="false" propagation="REQUIRED" rollback-for="java.lang.Exception" />
			<tx:method name="send*" read-only="false" propagation="REQUIRED" rollback-for="java.lang.Exception" />
			
		</tx:attributes>
	</tx:advice>

	<aop:config proxy-target-class="true">
		<aop:pointcut id="serviceMethods"
			expression="execution(public * com.jhl.refpp.service.*.*(..))" />
		<aop:advisor advice-ref="txAdvice" pointcut-ref="serviceMethods" />
	</aop:config>

</beans>