<?xml version="1.0" encoding="UTF-8" ?>
<!DOCTYPE generatorConfiguration PUBLIC "-//mybatis.org//DTD MyBatis Generator Configuration 1.0//EN" "http://mybatis.org/dtd/mybatis-generator-config_1_0.dtd" >
<generatorConfiguration>
	<properties resource="datasource.properties"></properties>

	<context id="context1">
		<commentGenerator>
			<property name="suppressAllComments" value="true" />
		</commentGenerator>
		<!-- jdbc连接信息 -->
		<jdbcConnection driverClass="${jdbc.driver}"
			connectionURL="${jdbc.url}" userId="${jdbc.username}"
			password="${jdbc.password}" />


		<javaTypeResolver
			type="com.jhl.refpp.core.MyBatisResolverDefaultImpl">
		</javaTypeResolver>


		<!-- 生成vo对象 -->
		<javaModelGenerator
			targetPackage="com.jhl.refpp.po" targetProject="wojia" />
		<!-- 生成用于查询的Example对象 -->
		<sqlMapGenerator targetPackage="com.jhl.refpp.mapper"
			targetProject="wojia" />
		<!-- 生成DAO的类文件以及配置文件 -->
		<javaClientGenerator
			targetPackage="com.jhl.refpp.mapper" targetProject="wojia"
			type="XMLMAPPER" />
		<!-- 想要生成的数据库表,自动化工具会根据该表的结构生成相应的vo对象 mysql -->
		<table schema="" tableName="mb_shop" domainObjectName="Shop">
		</table>
		<table schema="" tableName="mb_wx"
			domainObjectName="Wx">
		</table>   
		<table schema="" tableName="mb_serial_no"
			domainObjectName="SerialNo">
		</table>
		<table schema="" tableName="mb_squence"
			domainObjectName="Squence">
		</table>
		<table schema="" tableName="mb_user" domainObjectName="User">
		</table> 
		<table schema="" tableName="mb_mes_template"
			domainObjectName="MesTemplate">
		</table>  
		<table schema="" tableName="mb_wx_session"
			domainObjectName="WxSession">
		</table>     
	</context>
</generatorConfiguration>