<?xml version="1.0" encoding="UTF-8" ?>
<!DOCTYPE mapper PUBLIC "-//mybatis.org//DTD Mapper 3.0//EN" "http://mybatis.org/dtd/mybatis-3-mapper.dtd" >
<mapper namespace="com.jhl.refpp.mapper.ext.SerialNoExtMapper"> 
	<sql id="getList_where">
		<where>
			<trim prefix="(" suffix=")" prefixOverrides="and">
				<if test="data.id!=null">
					and t1.id =#{data.id}
				</if>
				<if test="data.level!=null">
					and t1.level =#{data.level}
				</if>
				<if test="data.shopid!=null">
					and t1.shopid =#{data.shopid}
				</if>
				<if test="data.userid!=null">
					and t1.userid =#{data.userid}
				</if>
				<if test="data.searchContent!=null">
					<!-- 模糊搜索查询 -->
					and (
						t1.detail like '%${data.searchContent}%'
						or t1.trace like '%${data.searchContent}%'
						or t1.targetid like '%${data.searchContent}%'
						or t1.userid like '%${data.searchContent}%'
						or t1.username like '%${data.searchContent}%'
					)
					
				</if> 
			</trim>
		</where>

	</sql>

	<!--获取列表 -->
	<select id="getList" resultType="com.jhl.refpp.core.Para" parameterType="com.jhl.refpp.core.Para">
		select  
		<trim prefix="" suffix="" suffixOverrides=",">

			<if test="pager.fieldsMap == null">
				t1.*
			</if> 
		</trim>
		from mb_serial_no t1
		<if test="_parameter != null">
			<include refid="getList_where" />
		</if>
		<if test="pager.order != null">
			order by ${pager.order}
		</if>
		<if test="pager.start != null and pager.limit != null">
			LIMIT #{pager.start} , #{pager.limit}
		</if> 
	</select>
	<select id="getList_count" resultType="int" parameterType="com.jhl.refpp.core.Para">
		select count(*) from mb_serial_no t1
		<if test="_parameter != null">
			<include refid="getList_where" />
		</if>
	</select>
</mapper>