<?xml version="1.0" encoding="UTF-8" ?>
<!DOCTYPE mapper PUBLIC "-//mybatis.org//DTD Mapper 3.0//EN" "http://mybatis.org/dtd/mybatis-3-mapper.dtd" >
<mapper namespace="com.jhl.refpp.mapper.ext.ShopExtMapper"> 
	<sql id="getList_where">
		<where>
			<trim prefix="(" suffix=")" prefixOverrides="and">
				<if test="data.id!=null">
					and t1.id =#{data.id}
				</if>
				 
				<if test="data.name!=null">
					and t1.name like '%${data.name}%'
				</if>
				 
				<if test="data.phone!=null">
					and t1.phone =like '%${data.phone}%'
				</if> 
				
				<if test="data.wx!=null">
					and (
					oid =#{data.wx}
					or appid =#{data.wx} 
					or mch_id =#{data.wx}
					or file =#{data.wx}  
					)
				</if>
			</trim>
		</where>

	</sql>

	<!--获取列表 -->
	<select id="getList" resultType="com.jhl.refpp.core.Para" parameterType="com.jhl.refpp.core.Para">
		select  
		<trim prefix="" suffix="" suffixOverrides=",">
			<if test="pager.fieldsMap == null">
				t1.*
			</if> 
		</trim>
		from mb_shop t1
		<if test="_parameter != null">
			<include refid="getList_where" />
		</if>
		<if test="pager.order != null">
			order by ${pager.order}
		</if>
		<if test="pager.start != null and pager.limit != null">
			LIMIT #{pager.start} , #{pager.limit}
		</if> 
	</select>
	<select id="getList_count" resultType="int" parameterType="com.jhl.refpp.core.Para">
		select count(*) from mb_shop t1
		<if test="_parameter != null">
			<include refid="getList_where" />
		</if>
	</select>
</mapper>