<?xml version="1.0" encoding="UTF-8" ?>
<!DOCTYPE mapper PUBLIC "-//mybatis.org//DTD Mapper 3.0//EN" "http://mybatis.org/dtd/mybatis-3-mapper.dtd" >
<mapper namespace="com.jhl.refpp.mapper.ext.UserExtMapper">
	<sql id="getList_where">
		<where>
			<trim prefix="(" suffix=")" prefixOverrides="and">
				<if test="data.id!=null">
					and t1.id =#{data.id}
				</if>
				<if test="data.isDel!=null">
					and t1.is_del =#{data.isDel}
				</if>  
				<if test="data.role!=null">
					and t1.role =#{data.role}
				</if> 
				<if test="data.openid!=null">
					and (
						t1.openid =#{data.openid}
						or 
						(select count(*) from mb_wx_session where openid=#{data.openid})!=0
					)
				</if>
				<if test="data.mobile!=null">
					and t1.mobile =#{data.mobile}
				</if>
				<if test="data.pwd!=null">
					and t1.pwd =#{data.pwd}
				</if>
				<if test="data.referee!=null">
					and t1.referee =#{data.referee}
				</if>
				<if test="data.unionid!=null">
					and t1.unionid =#{data.unionid}
				</if>
				<if test="data.platform!=null">
					and t1.platform =#{data.platform}
				</if>
				 
				<if test="data.searchContent!=null">
					and (
					t1.name like '%${data.searchContent}%'
					or t1.mobile like '%${data.searchContent}%'
					)
				</if> 
			</trim>
		</where> 
	</sql>

	<!--获取列表 -->
	<select id="getList" resultType="com.jhl.refpp.core.Para"
		parameterType="com.jhl.refpp.core.Para">
		select
		<trim prefix="" suffix="" suffixOverrides=",">

			<if test="pager.fieldsMap == null">
				t1.*,
				<if test="data.appidWx!=null">
					(
						select openid from mb_wx_session  
						where userid=t1.id and appid =#{data.appidWx}
					) openid_wx
				</if>
			</if>
		</trim>
		from mb_user t1 
		<if test="_parameter != null">
			<include refid="getList_where" />
		</if>
		<if test="pager.order != null">
			order by ${pager.order}
		</if>
		<if test="pager.start != null and pager.limit != null">
			LIMIT #{pager.start} , #{pager.limit}
		</if>
	</select>
	<select id="getList_count" resultType="int"
		parameterType="com.jhl.refpp.core.Para">
		select count(*) from mb_user t1  
		<if test="_parameter != null">
			<include refid="getList_where" />
		</if>
	</select>
</mapper>